t,prey,predator
0,2,1
0.05,2.051260546,0.9756198574
0.1,2.105085374,0.9524593955
0.15,2.161541471,0.9304898033
0.2,2.220698612,0.9096839827
0.25,2.282629175,0.8900166217
0.3,2.347407938,0.8714642684
0.35,2.415111849,0.8540054068
0.4,2.485819775,0.8376205359
0.45,2.559612216,0.8222922534
0.5,2.636570987,0.8080053462
0.55,2.71677885,0.7947468878
0.6,2.800319108,0.7825063452
0.65,2.887275141,0.7712756975
0.7,2.977729874,0.7610495655
0.75,3.071765178,0.7518253578
0.8,3.169461195,0.7436034316
0.85,3.270895566,0.7363872733
0.9,3.376142558,0.7301837
0.95,3.485272078,0.7250030841
1,3.598348559,0.7208596044
1.05,3.715429702,0.7177715264
1.1,3.836565049,0.7157615146
1.15,3.961794391,0.714856981
1.2,4.091145961,0.715090472
1.25,4.224634417,0.7165000982
1.3,4.362258573,0.7191300115
1.35,4.503998862,0.7230309307
1.4,4.6498145,0.7282607226
1.45,4.799640328,0.7348850392
1.5,4.9533833,0.7429780141
1.55,5.110918593,0.7526230212
1.6,5.272085305,0.763913494
1.65,5.436681729,0.7769538053
1.7,5.604460175,0.7918602021
1.75,5.77512133,0.8087617867
1.8,5.948308166,0.8278015317
1.85,6.123599394,0.8491373077
1.9,6.300502517,0.8729428952
1.95,6.478446537,0.8994089397
2,6.656774422,0.9287437973
2.05,6.834735481,0.9611741981
2.1,7.011477853,0.9969456368
2.15,7.186041386,1.036322372
2.2,7.35735128,1.079586888
2.25,7.524212951,1.127038651
2.3,7.685308702,1.178991926
2.35,7.839196897,1.235772441
2.4,7.984314477,1.297712589
2.45,8.118983753,1.365144897
2.5,8.241424523,1.438393436
2.55,8.349772594,1.517762903
2.6,8.44210577,1.603525128
2.65,8.516478208,1.695902897
2.7,8.570963783,1.795051108
2.75,8.603708612,1.901035564
2.8,8.61299223,2.013809952
2.85,8.597296028,2.133192014
2.9,8.555376526,2.258840243
2.95,8.486339906,2.390232933
3,8.389713151,2.526651697
3.05,8.26550624,2.6671718
3.1,8.114259436,2.810661594
3.15,7.937069861,2.955792999
3.2,7.735592521,3.101064289
3.25,7.512012705,3.244835405
3.3,7.268989125,3.385374783
3.35,7.009569998,3.520915356
3.4,6.737087136,3.649716211
3.45,6.455035464,3.77012555
3.5,6.166946924,3.880640274
3.55,5.876268092,3.979957779
3.6,5.586250065,4.067016382
3.65,5.299857408,4.141022003
3.7,5.019700508,4.201460185
3.75,4.74799307,4.248093928
3.8,4.486533993,4.280948999
3.85,4.236710947,4.300289227
3.9,3.999521611,4.306584702
3.95,3.775607963,4.30047586
4,3.565298975,4.282736179
4.05,3.368657512,4.254235753
4.1,3.185527943,4.215907458
4.15,3.015581806,4.168716864
4.2,2.858359718,4.113636522
4.25,2.713308417,4.051624837
4.3,2.579812475,3.983609422
4.35,2.457220627,3.91047458
4.4,2.344867024,3.833052461
4.45,2.242087876,3.752117359
4.5,2.148234065,3.668382596
4.55,2.062680345,3.582499499
4.6,1.98483172,3.495057976
4.65,1.914127544,3.406588318
4.7,1.850043824,3.317563847
4.75,1.792094144,3.228404157
4.8,1.739829561,3.139478706
4.85,1.692837741,3.051110583
4.9,1.650741585,2.963580324
4.95,1.613197501,2.877129663
5,1.579893473,2.791965161
5.05,1.550547034,2.70826166
5.1,1.524903208,2.626165524
5.15,1.502732487,2.54579766
5.2,1.48382888,2.467256313
5.25,1.468008054,2.39061962
5.3,1.455105589,2.315947955
5.35,1.444975356,2.243286047
5.4,1.437488014,2.172664906
5.45,1.43252963,2.104103555
5.5,1.430000421,2.037610589
5.55,1.429813605,1.973185576
5.6,1.431894358,1.910820304
5.65,1.436178881,1.850499903
5.7,1.442613541,1.79220384
5.75,1.451154114,1.735906807
5.8,1.461765091,1.681579511
5.85,1.47441907,1.629189368
5.9,1.489096193,1.578701134
5.95,1.505783658,1.530077445
6,1.524475274,1.483279305
6.05,1.54517106,1.438266521
6.1,1.567876892,1.394998073
6.15,1.592604185,1.353432459
6.2,1.619369604,1.313527978
6.25,1.648194809,1.275243001
6.3,1.679106218,1.238536193
6.35,1.712134801,1.203366717
6.4,1.747315879,1.169694415
6.45,1.784688953,1.137479962
6.5,1.824297534,1.106685009
6.55,1.866188985,1.077272308
6.6,1.910414371,1.049205821
6.65,1.957028312,1.022450827
6.7,2.006088837,0.9969740064
6.75,2.057657231,0.9727435347
6.8,2.111797887,0.9497291569
6.85,2.168578137,0.9279022661
6.9,2.228068083,0.9072359771
6.95,2.290340406,0.8877051997
7,2.35547016,0.869286713
7.05,2.42353454,0.8519592413
7.1,2.494612628,0.8357035338
7.15,2.568785101,0.8205024493
7.2,2.646133908,0.8063410466
7.25,2.726741901,0.793206684
7.3,2.810692418,0.781089127
7.35,2.898068813,0.7699806681
7.4,2.988953916,0.7598762587
7.45,3.083429428,0.7507736562
7.5,3.181575229,0.7426735877
7.55,3.283468598,0.7355799329
7.6,3.389183329,0.7294999281
7.65,3.498788726,0.7244443937
7.7,3.612348477,0.7204279893
7.75,3.729919368,0.717469497
7.8,3.851549849,0.7155921384
7.85,3.977278406,0.7148239274
7.9,4.107131739,0.715198062
7.95,4.241122706,0.7167533601
8,4.379248033,0.7195347416
8.05,4.521485731,0.7235937611
8.1,4.667792234,0.7289891955
8.15,4.818099192,0.735787688
8.2,4.972309917,0.7440644526
8.25,5.130295442,0.7539040394
8.3,5.291890172,0.7654011619
8.35,5.456887103,0.7786615839
8.4,5.625032588,0.7938030597
8.45,5.79602064,0.8109563211
8.5,5.969486788,0.8302660946
8.55,6.145001476,0.8518921292
8.6,6.322063069,0.8760102035
8.65,6.500090531,0.902813071
8.7,6.678415865,0.9325112877
8.75,6.856276494,0.9653338477
8.8,7.032807777,1.001528533
8.85,7.207035961,1.041361855
8.9,7.37787195,1.085118446
8.95,7.544106346,1.133099701
9,7.70440639,1.185621485
9.05,7.857315496,1.24301062
9.1,8.001256228,1.305599904
9.15,8.134537688,1.373721338
9.2,8.25536835,1.447697274
9.25,8.361875433,1.52782919
9.3,8.452131863,1.614383879
9.35,8.524191695,1.70757694
9.4,8.576134593,1.80755363
9.45,8.606119447,1.914367393
9.5,8.612446525,2.027956688
9.55,8.593626651,2.148121136
9.6,8.54845484,2.274498402
9.65,8.476084695,2.406543666
9.7,8.376098759,2.543513845
9.75,8.248569231,2.684458909
9.8,8.094103034,2.828222565
9.85,7.913865517,2.973454183
9.9,7.709578128,3.118633116
9.95,7.483487236,3.262105487
10,7.238303815,3.402132286
10.05,6.977116529,3.536946262
10.1,6.703283618,3.664813988
10.15,6.42031124,3.784098658
10.2,6.131727329,3.893318949
10.25,5.840960276,3.991199608
10.3,5.551230813,4.076710307
10.35,5.265463614,4.149090566
10.4,4.986222672,4.20786
10.45,4.715671833,4.252814517
10.5,4.455559487,4.284010277
10.55,4.207224518,4.301737955
10.6,3.971619379,4.306490289
10.65,3.749345651,4.29892586
10.7,3.540697454,4.279831779
10.75,3.345708603,4.250087501
10.8,3.164200109,4.210631394
10.85,2.99582547,4.162431155
10.9,2.840112034,4.106458653
10.95,2.696497408,4.043669357
11,2.564360513,3.97498621
11.05,2.443047279,3.901287588
11.1,2.331891304,3.823398865
11.15,2.23022998,3.742087051
11.2,2.137416659,3.658057961
11.25,2.052829477,3.571955406
11.3,1.975877431,3.48436194
11.35,1.906004232,3.395800783
11.4,1.842690423,3.30673855
11.45,1.785454162,3.217588554
11.5,1.733851008,3.12871442
11.55,1.687472988,3.040433867
11.6,1.645947166,2.953022521
11.65,1.608933891,2.866717657
11.7,1.576124843,2.781721804
11.75,1.547241003,2.698206179
11.8,1.522030593,2.616313897
11.85,1.500267063,2.536162971
11.9,1.481747148,2.457849071
11.95,1.466289024,2.381448059
12,1.453730575,2.307018299
12.05,1.443927789,2.234602757
12.1,1.436753265,2.164230898
12.15,1.432094855,2.0959204
12.2,1.429854411,2.029678689
12.25,1.429946657,1.965504326
12.3,1.432298159,1.903388232
12.35,1.436846391,1.843314799
12.4,1.443538904,1.785262871
12.45,1.452332567,1.729206614
12.5,1.463192887,1.675116299
12.55,1.476093405,1.62295899
12.6,1.491015146,1.572699156
12.65,1.507946135,1.52429921
12.7,1.526880951,1.47771999
12.75,1.547820346,1.432921182
12.8,1.570770883,1.389861692
12.85,1.59574463,1.348499977
12.9,1.622758871,1.308794334
12.95,1.651835856,1.270703155
13,1.683002567,1.234185157
13.05,1.71629051,1.199199577
13.1,1.751735526,1.165706348
13.15,1.789377609,1.133666258
13.2,1.829260747,1.103041085
13.25,1.87143276,1.073793721
13.3,1.915945153,1.045888285
13.35,1.962852968,1.019290219
13.4,2.012214636,0.9939663819
13.45,2.064091829,0.969885135
13.5,2.118549303,0.9470164196
13.55,2.17565474,0.9253318337
13.6,2.235478562,0.9048047064
13.65,2.298093752,0.8854101702
13.7,2.363575636,0.8671252364
13.75,2.432001652,0.8499288709
13.8,2.503451091,0.8338020742
13.85,2.578004803,0.8187279671
13.9,2.655744868,0.8046918825
13.95,2.73675422,0.7916814647
14,2.821116226,0.7796867796
14.05,2.908914205,0.7687004349
14.1,3.000230884,0.7587177147
14.15,3.095147781,0.7497367279
14.2,3.193744505,0.7417585742
14.25,3.296097962,0.7347875293
14.3,3.402281454,0.7288312521
14.35,3.51236367,0.723901015
14.4,3.626407528,0.7200119623
14.45,3.744468884,0.7171833975
14.5,3.866595068,0.7154391046
14.55,3.992823237,0.7148077049
14.6,4.123178524,0.7153230549
14.65,4.257671958,0.7170246863
14.7,4.396298133,0.7199582952
14.75,4.539032603,0.7241762807
14.8,4.685828969,0.729738339
14.85,4.836615636,0.7367121152
14.9,4.991292218,0.7451739146
14.95,5.149725539,0.7552094761
15,5.311745243,0.7669148062
15.05,5.47713895,0.7803970733
15.1,5.64564697,0.7957755539
15.15,5.816956556,0.813182624
15.2,5.990695693,0.8327647795
15.25,6.166426454,0.8546836624
15.3,6.343637963,0.8791170637
15.35,6.52173903,0.906259857
15.4,6.700050583,0.9363248077
15.45,6.877798045,0.9695431792
15.5,7.054103893,1.00616504
15.55,7.227980682,1.046459147
15.6,7.398324943,1.090712256
15.65,7.563912419,1.139227665
15.7,7.723395284,1.19232278
15.75,7.875302041,1.25032545
15.8,8.018040986,1.313568774
15.85,8.1499082,1.382384099
15.9,8.269101116,1.457091892
15.95,8.373738764,1.537990209
16,8.461889711,1.625340563
16.05,8.531608567,1.719351084
16.1,8.580981574,1.820157069
16.15,8.608181315,1.927799261
16.2,8.611529813,2.042200538
16.25,8.589568415,2.163142055
16.3,8.541131735,2.290240347
16.35,8.465421835,2.422927244
16.4,8.362077726,2.560434834
16.45,8.231234499,2.701787801
16.5,8.073566089,2.845805381
16.55,7.890306042,2.991114754
16.6,7.683241788,3.136176893
16.65,7.454679886,3.279324817
16.7,7.207382282,3.418812911
16.75,6.944476485,3.552874663
16.8,6.66934536,3.679785062
16.85,6.385504425,3.797923167
16.9,6.096475809,3.90583018
16.95,5.805668117,4.002258775
17,5.516270404,4.086210349
17.05,5.231166504,4.156958171
17.1,4.952873433,4.214055867
17.15,4.683504957,4.25733202
17.2,4.424759048,4.286872793
17.25,4.17792615,4.302995227
17.3,3.943914023,4.306214174
17.35,3.723284493,4.297205803
17.4,3.516297528,4.276770325
17.45,3.322958595,4.245796063
17.5,3.143066019,4.205226438
17.55,2.976255867,4.156030904
17.6,2.822042755,4.099180345
17.65,2.679855618,4.035627056
17.7,2.549068105,3.966289135
17.75,2.429023643,3.892038906
17.8,2.319055514,3.813694887
17.85,2.218502472,3.732016766
17.9,2.126720467,3.647702838
17.95,2.043091107,3.561389409
18,1.967027438,3.47365171
18.05,1.897977558,3.385005926
18.1,1.835426559,3.29591202
18.15,1.778897167,3.206777074
18.2,1.727949431,3.117958934
18.25,1.682179715,3.029770008
18.3,1.641219223,2.942481069
18.35,1.604732215,2.856324983
18.4,1.572414037,2.7715003
18.45,1.543989087,2.688174656
18.5,1.519208756,2.606487964
18.55,1.497849423,2.526555383
18.6,1.479710523,2.448470047
18.65,1.464612712,2.372305573
18.7,1.452396159,2.29811835
18.75,1.442918943,2.225949606
18.8,1.436055586,2.155827287
18.85,1.431695704,2.087767749
18.9,1.42974277,2.021777271
18.95,1.430112998,1.957853421
19,1.432734326,1.895986275
19.05,1.437545496,1.836159498
19.1,1.444495227,1.778351322
19.15,1.453541472,1.722535401
19.2,1.464650746,1.668681583
19.25,1.477797524,1.616756583
19.3,1.492963708,1.566724594
19.35,1.51013814,1.518547814
19.4,1.529316169,1.472186919
19.45,1.550499269,1.427601482
19.5,1.57369469,1.384750337
19.55,1.598915146,1.343591906
19.6,1.626178537,1.304084486
19.65,1.6555077,1.266186497
19.7,1.686930177,1.229856708
19.75,1.720478009,1.195054432
19.8,1.756187552,1.161739699
19.85,1.794099294,1.129873408
19.9,1.834257694,1.099417468
19.95,1.876711028,1.070334913
20,1.92151124,1.042590018
